"State","Organization_type","Year","Current","Constant","Institution_Type"
"Alabama","Non-profit","1999-2000",393464.703,620768.748505338,"Private Post-secondary"
"Alabama","Non-profit","2009-2010",561968.408,699829.5717603,"Private Post-secondary"
"Alabama","Non-profit","2014-2015",674679.03,771558.993895099,"Private Post-secondary"
"Alabama","Non-profit","2017-2018",652135.62,703629.292536506,"Private Post-secondary"
"Alabama","Non-profit","2018-2019",670365.934,710427.643203187,"Private Post-secondary"
"Alaska","Non-profit","1999-2000",19041.809,30042.2372123369,"Private Post-secondary"
"Alaska","Non-profit","2009-2010",16248.744,20234.8591011236,"Private Post-secondary"
"Alaska","Non-profit","2014-2015",20866.661,23862.9915133276,"Private Post-secondary"
"Alaska","Non-profit","2017-2018",21136.147,22805.091003245,"Private Post-secondary"
"Alaska","Non-profit","2018-2019",22478.816,23822.1715378486,"Private Post-secondary"
"Arizona","Non-profit","1999-2000",143698.078,226712.270154211,"Private Post-secondary"
"Arizona","Non-profit","2009-2010",176442.644,219727.262659176,"Private Post-secondary"
"Arizona","Non-profit","2014-2015",271308.726,310267.072725709,"Private Post-secondary"
"Arizona","Non-profit","2017-2018",324810.756,350458.333272039,"Private Post-secondary"
"Arizona","Non-profit","2018-2019",353721.652,374860.396143426,"Private Post-secondary"
"Arkansas","Non-profit","1999-2000",230860.185,364227.812633452,"Private Post-secondary"
"Arkansas","Non-profit","2009-2010",289867.693,360977.557762172,"Private Post-secondary"
"Arkansas","Non-profit","2014-2015",383227.973,438257.269208942,"Private Post-secondary"
"Arkansas","Non-profit","2017-2018",416560.777,449453.082809627,"Private Post-secondary"
"Arkansas","Non-profit","2018-2019",429868.253,455557.590828685,"Private Post-secondary"
"California","Non-profit","1999-2000",7871650.544,12419092.7918387,"Private Post-secondary"
"California","Non-profit","2009-2010",13925287.253,17341415.773867,"Private Post-secondary"
"California","Non-profit","2014-2015",18020882.757,20608576.1537489,"Private Post-secondary"
"California","Non-profit","2017-2018",21757368.565,23475365.2175095,"Private Post-secondary"
"California","Non-profit","2018-2019",23041090.865,24418048.4864143,"Private Post-secondary"
"Colorado","Non-profit","1999-2000",376887.381,594614.729217082,"Private Post-secondary"
"Colorado","Non-profit","2009-2010",626837.817,780612.637275281,"Private Post-secondary"
"Colorado","Non-profit","2014-2015",787288.118,900338.088512468,"Private Post-secondary"
"Colorado","Non-profit","2017-2018",894680.874,965326.308074635,"Private Post-secondary"
"Colorado","Non-profit","2018-2019",969891.181,1027852.80536255,"Private Post-secondary"
"Connecticut","Non-profit","1999-2000",2094980.868,3305248.58177936,"Private Post-secondary"
"Connecticut","Non-profit","2009-2010",3950480.764,4919606.19486891,"Private Post-secondary"
"Connecticut","Non-profit","2014-2015",4918778.968,5625086.86796217,"Private Post-secondary"
"Connecticut","Non-profit","2017-2018",5548814.474,5986957.74777177,"Private Post-secondary"
"Connecticut","Non-profit","2018-2019",5849861.054,6199454.34407968,"Private Post-secondary"
"Delaware","Non-profit","1999-2000",52532.719,82880.8022182681,"Private Post-secondary"
"Delaware","Non-profit","2009-2010",132851.059,165441.861863296,"Private Post-secondary"
"Delaware","Non-profit","2014-2015",148397.997,169707.081693895,"Private Post-secondary"
"Delaware","Non-profit","2017-2018",156675.438,169046.781400757,"Private Post-secondary"
"Delaware","Non-profit","2018-2019",158252.863,167710.205410359,"Private Post-secondary"
"Florida","Non-profit","1999-2000",2031623.33,3205289.4767497,"Private Post-secondary"
"Florida","Non-profit","2009-2010",4592898.089,5719620.27937266,"Private Post-secondary"
"Florida","Non-profit","2014-2015",6094211.075,6969304.15283749,"Private Post-secondary"
"Florida","Non-profit","2017-2018",6880812.563,7424132.53822877,"Private Post-secondary"
"Florida","Non-profit","2018-2019",7319106.799,7756503.61965737,"Private Post-secondary"
"Georgia","Non-profit","1999-2000",2635437.603,4157926.46736655,"Private Post-secondary"
"Georgia","Non-profit","2009-2010",4497299.164,5600569.18363296,"Private Post-secondary"
"Georgia","Non-profit","2014-2015",5955965.062,6811206.82068788,"Private Post-secondary"
"Georgia","Non-profit","2017-2018",7070266.327,7628545.87472417,"Private Post-secondary"
"Georgia","Non-profit","2018-2019",8250425.711,8743479.04034263,"Private Post-secondary"
"Hawaii","Non-profit","1999-2000",209134.529,329951.273511269,"Private Post-secondary"
"Hawaii","Non-profit","2009-2010",210679.655,262363.240777154,"Private Post-secondary"
"Hawaii","Non-profit","2014-2015",233562.934,267101.205692175,"Private Post-secondary"
"Hawaii","Non-profit","2017-2018",248914.301,268568.972685235,"Private Post-secondary"
"Hawaii","Non-profit","2018-2019",254142.879,269330.700454183,"Private Post-secondary"
"Idaho","Non-profit","1999-2000",118149.566,186404.416109134,"Private Post-secondary"
"Idaho","Non-profit","2009-2010",228588.696,284665.698202247,"Private Post-secondary"
"Idaho","Non-profit","2014-2015",324130.279,370673.49189166,"Private Post-secondary"
"Idaho","Non-profit","2017-2018",374215.159,403763.787022715,"Private Post-secondary"
"Idaho","Non-profit","2018-2019",385926.323,408989.649075697,"Private Post-secondary"
"Illinois","Non-profit","1999-2000",5668565.566,8943288.49677343,"Private Post-secondary"
"Illinois","Non-profit","2009-2010",9512165.489,11845674.2512828,"Private Post-secondary"
"Illinois","Non-profit","2014-2015",11895517.787,13603644.5887446,"Private Post-secondary"
"Illinois","Non-profit","2017-2018",12730921.76,13736175.7226609,"Private Post-secondary"
"Illinois","Non-profit","2018-2019",13301604.601,14096521.2106215,"Private Post-secondary"
"Indiana","Non-profit","1999-2000",1343314.728,2119345.89352313,"Private Post-secondary"
"Indiana","Non-profit","2009-2010",2251553.842,2803901.32009363,"Private Post-secondary"
"Indiana","Non-profit","2014-2015",2804542.305,3207258.18198624,"Private Post-secondary"
"Indiana","Non-profit","2017-2018",3101640.657,3346551.16858572,"Private Post-secondary"
"Indiana","Non-profit","2018-2019",3197756.207,3388857.17554582,"Private Post-secondary"
"Iowa","Non-profit","1999-2000",740759.994,1168696.07594306,"Private Post-secondary"
"Iowa","Non-profit","2009-2010",1156393.412,1440077.93816479,"Private Post-secondary"
"Iowa","Non-profit","2014-2015",1330362.475,1521394.74785039,"Private Post-secondary"
"Iowa","Non-profit","2017-2018",1363654.259,1471330.58231747,"Private Post-secondary"
"Iowa","Non-profit","2018-2019",1396089.724,1479521.38081275,"Private Post-secondary"
"Kansas","Non-profit","1999-2000",208728.899,329311.311589561,"Private Post-secondary"
"Kansas","Non-profit","2009-2010",364286.317,453652.435964419,"Private Post-secondary"
"Kansas","Non-profit","2014-2015",461312.193,527553.926646604,"Private Post-secondary"
"Kansas","Non-profit","2017-2018",442382.632,477313.872817739,"Private Post-secondary"
"Kansas","Non-profit","2018-2019",452438.312,479476.458135458,"Private Post-secondary"
"Kentucky","Non-profit","1999-2000",400512.982,631888.809086596,"Private Post-secondary"
"Kentucky","Non-profit","2009-2010",597494.755,744071.183661049,"Private Post-secondary"
"Kentucky","Non-profit","2014-2015",739829.879,846065.123877902,"Private Post-secondary"
"Kentucky","Non-profit","2017-2018",846045.146,912850.225132504,"Private Post-secondary"
"Kentucky","Non-profit","2018-2019",902379.353,956306.405968127,"Private Post-secondary"
"Louisiana","Non-profit","1999-2000",746628.999,1177955.59747331,"Private Post-secondary"
"Louisiana","Non-profit","2009-2010",1089735.872,1357068.08029963,"Private Post-secondary"
"Louisiana","Non-profit","2014-2015",1238465.161,1416301.51687876,"Private Post-secondary"
"Louisiana","Non-profit","2017-2018",1344461.572,1450622.41002704,"Private Post-secondary"
"Louisiana","Non-profit","2018-2019",1387595.372,1470519.39821514,"Private Post-secondary"
"Maine","Non-profit","1999-2000",316113.607,498732.025278766,"Private Post-secondary"
"Maine","Non-profit","2009-2010",552463.242,687992.614101124,"Private Post-secondary"
"Maine","Non-profit","2014-2015",699938.54,800445.621840069,"Private Post-secondary"
"Maine","Non-profit","2017-2018",800909.541,864150.640505679,"Private Post-secondary"
"Maine","Non-profit","2018-2019",837398.61,887442.351633466,"Private Post-secondary"
"Maryland","Non-profit","1999-2000",2205879.9,3480213.83985765,"Private Post-secondary"
"Maryland","Non-profit","2009-2010",4792088.793,5967676.11862359,"Private Post-secondary"
"Maryland","Non-profit","2014-2015",5934298.17,6786428.68968186,"Private Post-secondary"
"Maryland","Non-profit","2017-2018",6732345.952,7263942.76594916,"Private Post-secondary"
"Maryland","Non-profit","2018-2019",7131774.903,7557976.59043028,"Private Post-secondary"
"Massachusetts","Non-profit","1999-2000",7591343.983,11976853.4963108,"Private Post-secondary"
"Massachusetts","Non-profit","2009-2010",13862597.992,17263347.6866667,"Private Post-secondary"
"Massachusetts","Non-profit","2014-2015",16989585.944,19429191.1483405,"Private Post-secondary"
"Massachusetts","Non-profit","2017-2018",19108398.487,20617228.2215062,"Private Post-secondary"
"Massachusetts","Non-profit","2018-2019",20037604.665,21235071.079243,"Private Post-secondary"
"Michigan","Non-profit","1999-2000",995384.46,1570416.76370107,"Private Post-secondary"
"Michigan","Non-profit","2009-2010",1638367.476,2040289.0852809,"Private Post-secondary"
"Michigan","Non-profit","2014-2015",1731502.722,1980136.3888736,"Private Post-secondary"
"Michigan","Non-profit","2017-2018",1794954.258,1936686.71969173,"Private Post-secondary"
"Michigan","Non-profit","2018-2019",1754556.195,1859410.15087649,"Private Post-secondary"
"Minnesota","Non-profit","1999-2000",1004427.051,1584683.24772242,"Private Post-secondary"
"Minnesota","Non-profit","2009-2010",1622869.419,2020989.07047753,"Private Post-secondary"
"Minnesota","Non-profit","2014-2015",1808566.173,2068265.70085125,"Private Post-secondary"
"Minnesota","Non-profit","2017-2018",1916015.671,2067307.33566522,"Private Post-secondary"
"Minnesota","Non-profit","2018-2019",1972937.13,2090841.73936255,"Private Post-secondary"
"Mississippi","Non-profit","1999-2000",150123.125,236849.058422301,"Private Post-secondary"
"Mississippi","Non-profit","2009-2010",225483.848,280799.174007491,"Private Post-secondary"
"Mississippi","Non-profit","2014-2015",264096.57,302019.293293207,"Private Post-secondary"
"Mississippi","Non-profit","2017-2018",290836.774,313801.711265549,"Private Post-secondary"
"Mississippi","Non-profit","2018-2019",297471.704,315248.897466135,"Private Post-secondary"
"Missouri","Non-profit","1999-2000",2144298.941,3383057.6411981,"Private Post-secondary"
"Missouri","Non-profit","2009-2010",3958548.146,4929652.65372659,"Private Post-secondary"
"Missouri","Non-profit","2014-2015",4802694.309,5492333.13067068,"Private Post-secondary"
"Missouri","Non-profit","2017-2018",5585124.804,6026135.19955652,"Private Post-secondary"
"Missouri","Non-profit","2018-2019",5885101.605,6236800.90410359,"Private Post-secondary"
"Montana","Non-profit","1999-2000",69425.829,109533.039822064,"Private Post-secondary"
"Montana","Non-profit","2009-2010",116161.338,144657.846011236,"Private Post-secondary"
"Montana","Non-profit","2014-2015",114605.17,131061.802321582,"Private Post-secondary"
"Montana","Non-profit","2017-2018",123531.349,133285.582074094,"Private Post-secondary"
"Montana","Non-profit","2018-2019",101223.761,107272.98974502,"Private Post-secondary"
"Nebraska","Non-profit","1999-2000",387568.904,611466.954116251,"Private Post-secondary"
"Nebraska","Non-profit","2009-2010",709181.549,883156.797911985,"Private Post-secondary"
"Nebraska","Non-profit","2014-2015",707994.607,809658.492957868,"Private Post-secondary"
"Nebraska","Non-profit","2017-2018",747383.605,806398.210911303,"Private Post-secondary"
"Nebraska","Non-profit","2018-2019",799325.573,847094.033537849,"Private Post-secondary"
"Nevada","Non-profit","1999-2000",7005.734,11052.9373902728,"Private Post-secondary"
"Nevada","Non-profit","2009-2010",73701.064,91781.2875655431,"Private Post-secondary"
"Nevada","Non-profit","2014-2015",138703.594,158620.619105761,"Private Post-secondary"
"Nevada","Non-profit","2017-2018",163133.584,176014.872947539,"Private Post-secondary"
"Nevada","Non-profit","2018-2019",163610.883,173388.425808765,"Private Post-secondary"
"New Hampshire","Non-profit","1999-2000",589823.494,930563.756844603,"Private Post-secondary"
"New Hampshire","Non-profit","2009-2010",1085570.347,1351880.67557116,"Private Post-secondary"
"New Hampshire","Non-profit","2014-2015",1535994.09,1756553.86044712,"Private Post-secondary"
"New Hampshire","Non-profit","2017-2018",1765426.963,1904827.9022093,"Private Post-secondary"
"New Hampshire","Non-profit","2018-2019",1903415.928,2017165.88385657,"Private Post-secondary"
"New Jersey","Non-profit","1999-2000",1362090.176,2148967.89333333,"Private Post-secondary"
"New Jersey","Non-profit","2009-2010",2591234.499,3226911.87609551,"Private Post-secondary"
"New Jersey","Non-profit","2014-2015",3074724.535,3516237.00047292,"Private Post-secondary"
"New Jersey","Non-profit","2017-2018",3339085.488,3602745.02355868,"Private Post-secondary"
"New Jersey","Non-profit","2018-2019",3451448.293,3657710.14317928,"Private Post-secondary"
"New Mexico","Non-profit","1999-2000",54279.971,85637.4394187426,"Private Post-secondary"
"New Mexico","Non-profit","2009-2010",30446.528,37915.6200749064,"Private Post-secondary"
"New Mexico","Non-profit","2014-2015",37680.1,43090.7420464316,"Private Post-secondary"
"New Mexico","Non-profit","2017-2018",37509.936,40471.7805949162,"Private Post-secondary"
"New Mexico","Non-profit","2018-2019",38999.887,41330.5575378486,"Private Post-secondary"
"New York","Non-profit","1999-2000",12519670.559,19752267.9044721,"Private Post-secondary"
"New York","Non-profit","2009-2010",23511385.297,29279159.592706,"Private Post-secondary"
"New York","Non-profit","2014-2015",29838723.169,34123389.3506191,"Private Post-secondary"
"New York","Non-profit","2017-2018",35080857.592,37850898.2671931,"Private Post-secondary"
"New York","Non-profit","2018-2019",37580125.426,39825949.6546454,"Private Post-secondary"
"North Carolina","Non-profit","1999-2000",3530336.797,5569807.75801898,"Private Post-secondary"
"North Carolina","Non-profit","2009-2010",6451308.144,8033932.42651685,"Private Post-secondary"
"North Carolina","Non-profit","2014-2015",7952693.341,9094653.60578676,"Private Post-secondary"
"North Carolina","Non-profit","2017-2018",9431480.858,10176205.6850784,"Private Post-secondary"
"North Carolina","Non-profit","2018-2019",10034310.9,10633970.9139442,"Private Post-secondary"
"North Dakota","Non-profit","1999-2000",55999.88,88350.937603796,"Private Post-secondary"
"North Dakota","Non-profit","2009-2010",87938.13,109510.967134831,"Private Post-secondary"
"North Dakota","Non-profit","2014-2015",133476.742,152643.22171969,"Private Post-secondary"
"North Dakota","Non-profit","2017-2018",146779.945,158369.924432125,"Private Post-secondary"
"North Dakota","Non-profit","2018-2019",160468.268,170058.005131474,"Private Post-secondary"
"Ohio","Non-profit","1999-2000",2211035.03,3488347.08173191,"Private Post-secondary"
"Ohio","Non-profit","2009-2010",3582654.836,4461545.81636704,"Private Post-secondary"
"Ohio","Non-profit","2014-2015",3997096.906,4571056.65088564,"Private Post-secondary"
"Ohio","Non-profit","2017-2018",4256875.814,4593005.54295836,"Private Post-secondary"
"Ohio","Non-profit","2018-2019",4363220.522,4623970.75239841,"Private Post-secondary"
"Oklahoma","Non-profit","1999-2000",338276.432,533698.285361803,"Private Post-secondary"
"Oklahoma","Non-profit","2009-2010",523629.851,652085.863136704,"Private Post-secondary"
"Oklahoma","Non-profit","2014-2015",643615.149,736034.521212382,"Private Post-secondary"
"Oklahoma","Non-profit","2017-2018",615187.3,663763.474040022,"Private Post-secondary"
"Oklahoma","Non-profit","2018-2019",622148.132,659328.299250996,"Private Post-secondary"
"Oregon","Non-profit","1999-2000",456682.946,720508.087995255,"Private Post-secondary"
"Oregon","Non-profit","2009-2010",734882.579,915162.762237828,"Private Post-secondary"
"Oregon","Non-profit","2014-2015",1015846.287,1161715.87421324,"Private Post-secondary"
"Oregon","Non-profit","2017-2018",983706.104,1061381.11275284,"Private Post-secondary"
"Oregon","Non-profit","2018-2019",993350.653,1052714.23784064,"Private Post-secondary"
"Pennsylvania","Non-profit","1999-2000",7590629.205,11975725.7919929,"Private Post-secondary"
"Pennsylvania","Non-profit","2009-2010",13154196.962,16381162.8833895,"Private Post-secondary"
"Pennsylvania","Non-profit","2014-2015",17398401.358,19896710.0654686,"Private Post-secondary"
"Pennsylvania","Non-profit","2017-2018",23338272.723,25181100.0986398,"Private Post-secondary"
"Pennsylvania","Non-profit","2018-2019",24997544.522,26491421.6846693,"Private Post-secondary"
"Rhode Island","Non-profit","1999-2000",828714.677,1307462.0645433,"Private Post-secondary"
"Rhode Island","Non-profit","2009-2010",1564624.394,1948455.47192884,"Private Post-secondary"
"Rhode Island","Non-profit","2014-2015",1882228.485,2152505.49015477,"Private Post-secondary"
"Rhode Island","Non-profit","2017-2018",2091469.011,2256614.75226879,"Private Post-secondary"
"Rhode Island","Non-profit","2018-2019",2050171.461,2172691.66783267,"Private Post-secondary"
"South Carolina","Non-profit","1999-2000",408126.678,643900.927330961,"Private Post-secondary"
"South Carolina","Non-profit","2009-2010",680368.574,847275.471367041,"Private Post-secondary"
"South Carolina","Non-profit","2014-2015",772588.639,883527.850275151,"Private Post-secondary"
"South Carolina","Non-profit","2017-2018",916673.83,989055.863088156,"Private Post-secondary"
"South Carolina","Non-profit","2018-2019",942099.957,998400.751243028,"Private Post-secondary"
"South Dakota","Non-profit","1999-2000",69554.671,109736.313677343,"Private Post-secondary"
"South Dakota","Non-profit","2009-2010",119973.504,149405.206292135,"Private Post-secondary"
"South Dakota","Non-profit","2014-2015",137677.56,157447.252622528,"Private Post-secondary"
"South Dakota","Non-profit","2017-2018",147955.203,159637.982685235,"Private Post-secondary"
"South Dakota","Non-profit","2018-2019",134824.543,142881.786605578,"Private Post-secondary"
"Tennessee","Non-profit","1999-2000",1971563.875,3110533.7529656,"Private Post-secondary"
"Tennessee","Non-profit","2009-2010",4500016.48,5603953.10711611,"Private Post-secondary"
"Tennessee","Non-profit","2014-2015",5446703.058,6228817.7705417,"Private Post-secondary"
"Tennessee","Non-profit","2017-2018",2844801.415,3069431.48887236,"Private Post-secondary"
"Tennessee","Non-profit","2018-2019",2919455.377,3093924.82184064,"Private Post-secondary"
"Texas","Non-profit","1999-2000",2490596.636,3929411.06272835,"Private Post-secondary"
"Texas","Non-profit","2009-2010",4376279.741,5449861.47521536,"Private Post-secondary"
"Texas","Non-profit","2014-2015",5587701.025,6390062.22119519,"Private Post-secondary"
"Texas","Non-profit","2017-2018",6497872.135,7010954.52099784,"Private Post-secondary"
"Texas","Non-profit","2018-2019",6810639.28,7217649.59553785,"Private Post-secondary"
"Utah","Non-profit","1999-2000",648034.924,1022403.85399763,"Private Post-secondary"
"Utah","Non-profit","2009-2010",1012996.906,1261503.63762172,"Private Post-secondary"
"Utah","Non-profit","2014-2015",1511165.239,1728159.73161651,"Private Post-secondary"
"Utah","Non-profit","2017-2018",1941889.525,2095224.23059762,"Private Post-secondary"
"Utah","Non-profit","2018-2019",2133493.796,2260993.42524303,"Private Post-secondary"
"Vermont","Non-profit","1999-2000",347293.186,547924.006381969,"Private Post-secondary"
"Vermont","Non-profit","2009-2010",717198.749,893140.76420412,"Private Post-secondary"
"Vermont","Non-profit","2014-2015",853481.474,976036.423404987,"Private Post-secondary"
"Vermont","Non-profit","2017-2018",871448.946,940259.949848567,"Private Post-secondary"
"Vermont","Non-profit","2018-2019",819170.441,868124.849824701,"Private Post-secondary"
"Virginia","Non-profit","1999-2000",944905.113,1490775.56380783,"Private Post-secondary"
"Virginia","Non-profit","2009-2010",1841074.648,2292724.04666667,"Private Post-secondary"
"Virginia","Non-profit","2014-2015",2265969.322,2591349.26763543,"Private Post-secondary"
"Virginia","Non-profit","2017-2018",2532938.528,2732943.40906436,"Private Post-secondary"
"Virginia","Non-profit","2018-2019",2589628.848,2744387.54409562,"Private Post-secondary"
"Washington","Non-profit","1999-2000",600314.81,947115.892408067,"Private Post-secondary"
"Washington","Non-profit","2009-2010",988571.42,1231086.13164794,"Private Post-secondary"
"Washington","Non-profit","2014-2015",1188711.92,1359404.00137575,"Private Post-secondary"
"Washington","Non-profit","2017-2018",1240272.39,1338206.28342347,"Private Post-secondary"
"Washington","Non-profit","2018-2019",1267815.628,1343581.50218327,"Private Post-secondary"
"West Virginia","Non-profit","1999-2000",170653.464,269239.74747331,"Private Post-secondary"
"West Virginia","Non-profit","2009-2010",211877.479,263854.912986891,"Private Post-secondary"
"West Virginia","Non-profit","2014-2015",201482.901,230414.667523646,"Private Post-secondary"
"West Virginia","Non-profit","2017-2018",199339.122,215079.25818821,"Private Post-secondary"
"West Virginia","Non-profit","2018-2019",199021.273,210914.974573705,"Private Post-secondary"
"Wisconsin","Non-profit","1999-2000",999501.541,1576912.27702254,"Private Post-secondary"
"Wisconsin","Non-profit","2009-2010",1929429.95,2402754.52574906,"Private Post-secondary"
"Wisconsin","Non-profit","2014-2015",2220793.72,2539686.7133276,"Private Post-secondary"
"Wisconsin","Non-profit","2017-2018",2505799.719,2703661.67626014,"Private Post-secondary"
"Wisconsin","Non-profit","2018-2019",2639044.126,2796755.92635857,"Private Post-secondary"
"Wyoming","Non-profit","1999-2000",0,0,"Private Post-secondary"
"Wyoming","Non-profit","2009-2010",0,0,"Private Post-secondary"
"Wyoming","Non-profit","2014-2015",16734.66,19137.6593293207,"Private Post-secondary"
"Wyoming","Non-profit","2017-2018",0,0,"Private Post-secondary"
"Wyoming","Non-profit","2018-2019",NA,NA,"Private Post-secondary"
"Alabama","For-profit","1999-2000",88190.327,139137.763831554,"Private Post-secondary"
"Alabama","For-profit","2009-2010",139366.262,173555.363726592,"Private Post-secondary"
"Alabama","For-profit","2014-2015",205570.699,235089.449415305,"Private Post-secondary"
"Alabama","For-profit","2017-2018",87897.181,94837.6831233099,"Private Post-secondary"
"Alabama","For-profit","2018-2019",104302.897,110536.137856574,"Private Post-secondary"
"Alaska","For-profit","1999-2000",3559.44,5615.72384341637,"Private Post-secondary"
"Alaska","For-profit","2009-2010",19302.388,24037.6180149813,"Private Post-secondary"
"Alaska","For-profit","2014-2015",53749.841,61468.0038950989,"Private Post-secondary"
"Alaska","For-profit","2017-2018",5202.465,5613.25996484586,"Private Post-secondary"
"Alaska","For-profit","2018-2019",4717.825,4999.76673306773,"Private Post-secondary"
"Arizona","For-profit","1999-2000",278286.486,439052.225836299,"Private Post-secondary"
"Arizona","For-profit","2009-2010",3412260.95,4249351.18305243,"Private Post-secondary"
"Arizona","For-profit","2014-2015",2667334.897,3050348.59244196,"Private Post-secondary"
"Arizona","For-profit","2017-2018",1911708.421,2062659.9783099,"Private Post-secondary"
"Arizona","For-profit","2018-2019",2444579.879,2590670.31001594,"Private Post-secondary"
"Arkansas","For-profit","1999-2000",5828.102,9194.98892052195,"Private Post-secondary"
"Arkansas","For-profit","2009-2010",31262.595,38931.8832865169,"Private Post-secondary"
"Arkansas","For-profit","2014-2015",11993.301,13715.4688993981,"Private Post-secondary"
"Arkansas","For-profit","2017-2018",4152.503,4480.3912844781,"Private Post-secondary"
"Arkansas","For-profit","2018-2019",3916.315,4150.35772908367,"Private Post-secondary"
"California","For-profit","1999-2000",666019.829,1050778.61514828,"Private Post-secondary"
"California","For-profit","2009-2010",2551480.971,3177406.07811798,"Private Post-secondary"
"California","For-profit","2014-2015",2943254.474,3365888.60741187,"Private Post-secondary"
"California","For-profit","2017-2018",2423986.349,2615388.19159275,"Private Post-secondary"
"California","For-profit","2018-2019",2225877.909,2358898.50117131,"Private Post-secondary"
"Colorado","For-profit","1999-2000",154800.552,244228.628896797,"Private Post-secondary"
"Colorado","For-profit","2009-2010",661384.37,823634.093726592,"Private Post-secondary"
"Colorado","For-profit","2014-2015",588810.924,673360.729939811,"Private Post-secondary"
"Colorado","For-profit","2017-2018",474605.53,512081.14242834,"Private Post-secondary"
"Colorado","For-profit","2018-2019",506549.762,536821.66012749,"Private Post-secondary"
"Connecticut","For-profit","1999-2000",18109.985,28572.0997034401,"Private Post-secondary"
"Connecticut","For-profit","2009-2010",59726.356,74378.3272284644,"Private Post-secondary"
"Connecticut","For-profit","2014-2015",109961.666,125751.518297506,"Private Post-secondary"
"Connecticut","For-profit","2017-2018",104580.334,112838.164591671,"Private Post-secondary"
"Connecticut","For-profit","2018-2019",111359.564,118014.518023904,"Private Post-secondary"
"Delaware","For-profit","1999-2000",0,0,"Private Post-secondary"
"Delaware","For-profit","2009-2010",4041.629,5033.1147659176,"Private Post-secondary"
"Delaware","For-profit","2014-2015",3003.382,3434.65009458298,"Private Post-secondary"
"Delaware","For-profit","2017-2018",3252.518,3509.34202812331,"Private Post-secondary"
"Delaware","For-profit","2018-2019",3211.938,3403.88648605578,"Private Post-secondary"
"Florida","For-profit","1999-2000",315720.887,498112.431447212,"Private Post-secondary"
"Florida","For-profit","2009-2010",1825703.567,2273582.15740637,"Private Post-secondary"
"Florida","For-profit","2014-2015",1324079.958,1514210.09814273,"Private Post-secondary"
"Florida","For-profit","2017-2018",954219.308,1029565.99213629,"Private Post-secondary"
"Florida","For-profit","2018-2019",955849.774,1012972.27045418,"Private Post-secondary"
"Georgia","For-profit","1999-2000",106794.115,168488.935883749,"Private Post-secondary"
"Georgia","For-profit","2009-2010",678839.364,845371.118089888,"Private Post-secondary"
"Georgia","For-profit","2014-2015",570358.821,652259.012837489,"Private Post-secondary"
"Georgia","For-profit","2017-2018",302556.926,326447.305229854,"Private Post-secondary"
"Georgia","For-profit","2018-2019",314902.591,333721.470940239,"Private Post-secondary"
"Hawaii","For-profit","1999-2000",9422.344,14865.6198339265,"Private Post-secondary"
"Hawaii","For-profit","2009-2010",34299.258,42713.4954494382,"Private Post-secondary"
"Hawaii","For-profit","2014-2015",28590.789,32696.2591315563,"Private Post-secondary"
"Hawaii","For-profit","2017-2018",13356.927,14411.6113385614,"Private Post-secondary"
"Hawaii","For-profit","2018-2019",8435.005,8939.08896414342,"Private Post-secondary"
"Idaho","For-profit","1999-2000",5932.201,9359.22577698695,"Private Post-secondary"
"Idaho","For-profit","2009-2010",32601.643,40599.424335206,"Private Post-secondary"
"Idaho","For-profit","2014-2015",26411.29,30203.7968185727,"Private Post-secondary"
"Idaho","For-profit","2017-2018",8494.908,9165.67953488372,"Private Post-secondary"
"Idaho","For-profit","2018-2019",7491.672,7939.38148207171,"Private Post-secondary"
"Illinois","For-profit","1999-2000",166956.107,263406.432158956,"Private Post-secondary"
"Illinois","For-profit","2009-2010",1100032.252,1369890.35127341,"Private Post-secondary"
"Illinois","For-profit","2014-2015",1176410.432,1345336.09162511,"Private Post-secondary"
"Illinois","For-profit","2017-2018",684292.563,738325.399234721,"Private Post-secondary"
"Illinois","For-profit","2018-2019",611163.805,647687.538366534,"Private Post-secondary"
"Indiana","For-profit","1999-2000",89931.588,141884.949039146,"Private Post-secondary"
"Indiana","For-profit","2009-2010",591600.419,736730.858867041,"Private Post-secondary"
"Indiana","For-profit","2014-2015",493253.904,564082.280584695,"Private Post-secondary"
"Indiana","For-profit","2017-2018",63434.766,68443.6766738778,"Private Post-secondary"
"Indiana","For-profit","2018-2019",60227.755,63827.0232270916,"Private Post-secondary"
"Iowa","For-profit","1999-2000",34310.878,54132.2274495848,"Private Post-secondary"
"Iowa","For-profit","2009-2010",1000405.278,1245823.05219101,"Private Post-secondary"
"Iowa","For-profit","2014-2015",522513.531,597543.41894239,"Private Post-secondary"
"Iowa","For-profit","2017-2018",23903.128,25790.557252569,"Private Post-secondary"
"Iowa","For-profit","2018-2019",25984.656,27537.5238884462,"Private Post-secondary"
"Kansas","For-profit","1999-2000",9156.007,14445.4202965599,"Private Post-secondary"
"Kansas","For-profit","2009-2010",47645.238,59333.4892696629,"Private Post-secondary"
"Kansas","For-profit","2014-2015",147180.581,168314.851874463,"Private Post-secondary"
"Kansas","For-profit","2017-2018",79808.648,86110.4666089778,"Private Post-secondary"
"Kansas","For-profit","2018-2019",76594.496,81171.8563187251,"Private Post-secondary"
"Kentucky","For-profit","1999-2000",55010.115,86789.3866548043,"Private Post-secondary"
"Kentucky","For-profit","2009-2010",242672.467,302204.476694757,"Private Post-secondary"
"Kentucky","For-profit","2014-2015",223757.885,255888.208985383,"Private Post-secondary"
"Kentucky","For-profit","2017-2018",157185.677,169597.309689021,"Private Post-secondary"
"Kentucky","For-profit","2018-2019",170479.313,180667.319752988,"Private Post-secondary"
"Louisiana","For-profit","1999-2000",31674.672,49973.088683274,"Private Post-secondary"
"Louisiana","For-profit","2009-2010",111844.062,139281.462977528,"Private Post-secondary"
"Louisiana","For-profit","2014-2015",92456.301,105732.485236457,"Private Post-secondary"
"Louisiana","For-profit","2017-2018",43685.72,47135.2143861547,"Private Post-secondary"
"Louisiana","For-profit","2018-2019",43496.945,46096.3640239044,"Private Post-secondary"
"Maine","For-profit","1999-2000",7137.188,11260.3321945433,"Private Post-secondary"
"Maine","For-profit","2009-2010",12408.73,15452.8191947566,"Private Post-secondary"
"Maine","For-profit","2014-2015",16900.705,19327.5474204643,"Private Post-secondary"
"Maine","For-profit","2017-2018",2518.011,2716.83717955652,"Private Post-secondary"
"Maine","For-profit","2018-2019",2862.164,3033.20965737052,"Private Post-secondary"
"Maryland","For-profit","1999-2000",5354.166,8447.26071174377,"Private Post-secondary"
"Maryland","For-profit","2009-2010",115071.222,143300.304550562,"Private Post-secondary"
"Maryland","For-profit","2014-2015",84646.992,96801.8051246776,"Private Post-secondary"
"Maryland","For-profit","2017-2018",48173.447,51977.2994943213,"Private Post-secondary"
"Maryland","For-profit","2018-2019",45603.033,48328.3138565737,"Private Post-secondary"
"Massachusetts","For-profit","1999-2000",34892.71,55050.1830367734,"Private Post-secondary"
"Massachusetts","For-profit","2009-2010",118525.712,147602.244344569,"Private Post-secondary"
"Massachusetts","For-profit","2014-2015",115154.998,131690.582407567,"Private Post-secondary"
"Massachusetts","For-profit","2017-2018",34384.737,37099.8108788534,"Private Post-secondary"
"Massachusetts","For-profit","2018-2019",16736.758,17736.9626613546,"Private Post-secondary"
"Michigan","For-profit","1999-2000",25339.801,39978.5709727165,"Private Post-secondary"
"Michigan","For-profit","2009-2010",120070.088,149525.48411985,"Private Post-secondary"
"Michigan","For-profit","2014-2015",113025.293,129255.06422184,"Private Post-secondary"
"Michigan","For-profit","2017-2018",41438.475,44710.5233234181,"Private Post-secondary"
"Michigan","For-profit","2018-2019",33283.892,35272.9692111554,"Private Post-secondary"
"Minnesota","For-profit","1999-2000",123570.939,194957.709217082,"Private Post-secondary"
"Minnesota","For-profit","2009-2010",928396.142,1156148.75361423,"Private Post-secondary"
"Minnesota","For-profit","2014-2015",1141688.068,1305627.79917455,"Private Post-secondary"
"Minnesota","For-profit","2017-2018",997786.885,1076573.73476203,"Private Post-secondary"
"Minnesota","For-profit","2018-2019",954280.391,1011309.0996255,"Private Post-secondary"
"Mississippi","For-profit","1999-2000",0,0,"Private Post-secondary"
"Mississippi","For-profit","2009-2010",21060.816,26227.4206741573,"Private Post-secondary"
"Mississippi","For-profit","2014-2015",26898.762,30761.2669475494,"Private Post-secondary"
"Mississippi","For-profit","2017-2018",6875.614,7418.52348837209,"Private Post-secondary"
"Mississippi","For-profit","2018-2019",7399.734,7841.94917928287,"Private Post-secondary"
"Missouri","For-profit","1999-2000",100307.129,158254.42653618,"Private Post-secondary"
"Missouri","For-profit","2009-2010",331390.865,412687.125889513,"Private Post-secondary"
"Missouri","For-profit","2014-2015",234567.784,268250.34627687,"Private Post-secondary"
"Missouri","For-profit","2017-2018",71513.728,77160.566446728,"Private Post-secondary"
"Missouri","For-profit","2018-2019",65805.876,69738.4980717132,"Private Post-secondary"
"Montana","For-profit","1999-2000",NA,NA,"Private Post-secondary"
"Montana","For-profit","2009-2010",NA,NA,"Private Post-secondary"
"Montana","For-profit","2014-2015",NA,NA,"Private Post-secondary"
"Montana","For-profit","2017-2018",883.969,953.768607355327,"Private Post-secondary"
"Montana","For-profit","2018-2019",1009.682,1070.02156175299,"Private Post-secondary"
"Nebraska","For-profit","1999-2000",12050.883,19012.6623843416,"Private Post-secondary"
"Nebraska","For-profit","2009-2010",41558.515,51753.5814138577,"Private Post-secondary"
"Nebraska","For-profit","2014-2015",32295.806,36933.2949097163,"Private Post-secondary"
"Nebraska","For-profit","2017-2018",3953.931,4266.13972147107,"Private Post-secondary"
"Nebraska","For-profit","2018-2019",3247.005,3441.04912350598,"Private Post-secondary"
"Nevada","For-profit","1999-2000",29277.506,46191.0830130486,"Private Post-secondary"
"Nevada","For-profit","2009-2010",143358.461,178526.922406367,"Private Post-secondary"
"Nevada","For-profit","2014-2015",111422.362,127421.961702494,"Private Post-secondary"
"Nevada","For-profit","2017-2018",65463.878,70633.0106057328,"Private Post-secondary"
"Nevada","For-profit","2018-2019",55364.142,58672.756063745,"Private Post-secondary"
"New Hampshire","For-profit","1999-2000",21830.561,34442.047603796,"Private Post-secondary"
"New Hampshire","For-profit","2009-2010",36737.074,45749.3524531835,"Private Post-secondary"
"New Hampshire","For-profit","2014-2015",41448.06,47399.7590713672,"Private Post-secondary"
"New Hampshire","For-profit","2017-2018",NA,NA,"Private Post-secondary"
"New Hampshire","For-profit","2018-2019",NA,NA,"Private Post-secondary"
"New Jersey","For-profit","1999-2000",61108.921,96411.4649228944,"Private Post-secondary"
"New Jersey","For-profit","2009-2010",126832.76,157947.163670412,"Private Post-secondary"
"New Jersey","For-profit","2014-2015",164602.886,188238.898005159,"Private Post-secondary"
"New Jersey","For-profit","2017-2018",176453.383,190386.424599784,"Private Post-secondary"
"New Jersey","For-profit","2018-2019",171273.029,181508.46898008,"Private Post-secondary"
"New Mexico","For-profit","1999-2000",25805.65,40713.5403321471,"Private Post-secondary"
"New Mexico","For-profit","2009-2010",83708.363,104243.560664794,"Private Post-secondary"
"New Mexico","For-profit","2014-2015",88978.206,101754.956130696,"Private Post-secondary"
"New Mexico","For-profit","2017-2018",28040.285,30254.3907923202,"Private Post-secondary"
"New Mexico","For-profit","2018-2019",47136.665,49953.5971713147,"Private Post-secondary"
"New York","For-profit","1999-2000",326329.353,514849.394412811,"Private Post-secondary"
"New York","For-profit","2009-2010",762214.351,949199.519503745,"Private Post-secondary"
"New York","For-profit","2014-2015",879181.749,1005427.10762683,"Private Post-secondary"
"New York","For-profit","2017-2018",747439.086,806458.072779881,"Private Post-secondary"
"New York","For-profit","2018-2019",753674.441,798714.746239044,"Private Post-secondary"
"North Carolina","For-profit","1999-2000",4040.692,6374.99449584816,"Private Post-secondary"
"North Carolina","For-profit","2009-2010",186514.306,232269.688183521,"Private Post-secondary"
"North Carolina","For-profit","2014-2015",281296.424,321688.945760963,"Private Post-secondary"
"North Carolina","For-profit","2017-2018",138014.738,148912.602655489,"Private Post-secondary"
"North Carolina","For-profit","2018-2019",102323.163,108438.093059761,"Private Post-secondary"
"North Dakota","For-profit","1999-2000",1145.329,1806.9840688019,"Private Post-secondary"
"North Dakota","For-profit","2009-2010",20197.93,25152.8529026217,"Private Post-secondary"
"North Dakota","For-profit","2014-2015",11223.639,12835.2879363715,"Private Post-secondary"
"North Dakota","For-profit","2017-2018",9615.627,10374.8923012439,"Private Post-secondary"
"North Dakota","For-profit","2018-2019",10985.636,11642.1481115538,"Private Post-secondary"
"Ohio","For-profit","1999-2000",122531.111,193317.173938316,"Private Post-secondary"
"Ohio","For-profit","2009-2010",564498.341,702980.143754682,"Private Post-secondary"
"Ohio","For-profit","2014-2015",435218.503,497713.33533104,"Private Post-secondary"
"Ohio","For-profit","2017-2018",234393.729,252901.833074635,"Private Post-secondary"
"Ohio","For-profit","2018-2019",224572.797,237993.482079681,"Private Post-secondary"
"Oklahoma","For-profit","1999-2000",32527.416,51318.4617793594,"Private Post-secondary"
"Oklahoma","For-profit","2009-2010",110335.867,137403.280065543,"Private Post-secondary"
"Oklahoma","For-profit","2014-2015",114548.918,130997.472863285,"Private Post-secondary"
"Oklahoma","For-profit","2017-2018",55516.31,59899.9667117361,"Private Post-secondary"
"Oklahoma","For-profit","2018-2019",62445.441,66177.2402629482,"Private Post-secondary"
"Oregon","For-profit","1999-2000",23175.35,36563.7194543298,"Private Post-secondary"
"Oregon","For-profit","2009-2010",120490.167,150048.616207865,"Private Post-secondary"
"Oregon","For-profit","2014-2015",86736.812,99191.7110576096,"Private Post-secondary"
"Oregon","For-profit","2017-2018",35003.15,37767.0547593294,"Private Post-secondary"
"Oregon","For-profit","2018-2019",33225.484,35211.0706932271,"Private Post-secondary"
"Pennsylvania","For-profit","1999-2000",306134.638,482988.21890866,"Private Post-secondary"
"Pennsylvania","For-profit","2009-2010",842051.77,1048622.52256554,"Private Post-secondary"
"Pennsylvania","For-profit","2014-2015",618468.508,707276.969595873,"Private Post-secondary"
"Pennsylvania","For-profit","2017-2018",235773.316,254390.354472688,"Private Post-secondary"
"Pennsylvania","For-profit","2018-2019",210104.95,222661.022709163,"Private Post-secondary"
"Rhode Island","For-profit","1999-2000",4518.79,7129.28908659549,"Private Post-secondary"
"Rhode Island","For-profit","2009-2010",NA,NA,"Private Post-secondary"
"Rhode Island","For-profit","2014-2015",NA,NA,"Private Post-secondary"
"Rhode Island","For-profit","2017-2018",NA,NA,"Private Post-secondary"
"Rhode Island","For-profit","2018-2019",NA,NA,"Private Post-secondary"
"South Carolina","For-profit","1999-2000",6627.084,10455.5417793594,"Private Post-secondary"
"South Carolina","For-profit","2009-2010",226847.696,282497.598951311,"Private Post-secondary"
"South Carolina","For-profit","2014-2015",275326.663,314861.961986243,"Private Post-secondary"
"South Carolina","For-profit","2017-2018",86087.238,92884.8241265549,"Private Post-secondary"
"South Carolina","For-profit","2018-2019",88165.005,93433.83,"Private Post-secondary"
"South Dakota","For-profit","1999-2000",18060.745,28494.4138196916,"Private Post-secondary"
"South Dakota","For-profit","2009-2010",41594.056,51797.8412734082,"Private Post-secondary"
"South Dakota","For-profit","2014-2015",30805.119,35228.553972485,"Private Post-secondary"
"South Dakota","For-profit","2017-2018",53735.588,57978.63605192,"Private Post-secondary"
"South Dakota","For-profit","2018-2019",42849.49,45410.2164940239,"Private Post-secondary"
"Tennessee","For-profit","1999-2000",50920.617,80337.3909964413,"Private Post-secondary"
"Tennessee","For-profit","2009-2010",331287.214,412558.047397004,"Private Post-secondary"
"Tennessee","For-profit","2014-2015",265502.28,303626.855030095,"Private Post-secondary"
"Tennessee","For-profit","2017-2018",192695.725,207911.287925906,"Private Post-secondary"
"Tennessee","For-profit","2018-2019",183490.11,194455.654422311,"Private Post-secondary"
"Texas","For-profit","1999-2000",172326.811,271879.78485172,"Private Post-secondary"
"Texas","For-profit","2009-2010",803400.872,1000489.84996255,"Private Post-secondary"
"Texas","For-profit","2014-2015",756636.075,865284.591358555,"Private Post-secondary"
"Texas","For-profit","2017-2018",491245.78,530035.333207139,"Private Post-secondary"
"Texas","For-profit","2018-2019",485967.076,515008.933131474,"Private Post-secondary"
"Utah","For-profit","1999-2000",36347.808,57345.889252669,"Private Post-secondary"
"Utah","For-profit","2009-2010",144226.11,179607.421629213,"Private Post-secondary"
"Utah","For-profit","2014-2015",90204.306,103157.116921754,"Private Post-secondary"
"Utah","For-profit","2017-2018",67675.572,73019.3435045971,"Private Post-secondary"
"Utah","For-profit","2018-2019",80169.431,84960.4328525896,"Private Post-secondary"
"Vermont","For-profit","1999-2000",24841.355,39192.1733689205,"Private Post-secondary"
"Vermont","For-profit","2009-2010",17126.49,21327.9323033708,"Private Post-secondary"
"Vermont","For-profit","2014-2015",10948.372,12520.4942046432,"Private Post-secondary"
"Vermont","For-profit","2017-2018",3862.224,4167.19138994051,"Private Post-secondary"
"Vermont","For-profit","2018-2019",2427.886,2572.97878884462,"Private Post-secondary"
"Virginia","For-profit","1999-2000",65803.998,103818.881779359,"Private Post-secondary"
"Virginia","For-profit","2009-2010",614287.188,764983.108651685,"Private Post-secondary"
"Virginia","For-profit","2014-2015",581535.799,665040.939527085,"Private Post-secondary"
"Virginia","For-profit","2017-2018",453673.927,489496.746546782,"Private Post-secondary"
"Virginia","For-profit","2018-2019",469256.309,497299.514717131,"Private Post-secondary"
"Washington","For-profit","1999-2000",51134.177,80674.3243297746,"Private Post-secondary"
"Washington","For-profit","2009-2010",161645.319,201299.882275281,"Private Post-secondary"
"Washington","For-profit","2014-2015",130694.254,149461.184711952,"Private Post-secondary"
"Washington","For-profit","2017-2018",115600.858,124728.886809086,"Private Post-secondary"
"Washington","For-profit","2018-2019",114462.061,121302.423211155,"Private Post-secondary"
"West Virginia","For-profit","1999-2000",17926.421,28282.4910201661,"Private Post-secondary"
"West Virginia","For-profit","2009-2010",165043.412,205531.589850187,"Private Post-secondary"
"West Virginia","For-profit","2014-2015",296334.481,338886.379819433,"Private Post-secondary"
"West Virginia","For-profit","2017-2018",263183.942,283965.367382369,"Private Post-secondary"
"West Virginia","For-profit","2018-2019",265987.458,281883.122820717,"Private Post-secondary"
"Wisconsin","For-profit","1999-2000",16333.456,25769.2722182681,"Private Post-secondary"
"Wisconsin","For-profit","2009-2010",131139.57,163310.513202247,"Private Post-secondary"
"Wisconsin","For-profit","2014-2015",142125.135,162533.47338779,"Private Post-secondary"
"Wisconsin","For-profit","2017-2018",39065.319,42149.9791265549,"Private Post-secondary"
"Wisconsin","For-profit","2018-2019",39612.445,41979.7225896414,"Private Post-secondary"
"Wyoming","For-profit","1999-2000",19766.327,31185.3083155397,"Private Post-secondary"
"Wyoming","For-profit","2009-2010",39868.625,49649.1303838951,"Private Post-secondary"
"Wyoming","For-profit","2014-2015",NA,NA,"Private Post-secondary"
"Wyoming","For-profit","2017-2018",20188.404,21782.5126987561,"Private Post-secondary"
"Wyoming","For-profit","2018-2019",4040.359,4281.81471713147,"Private Post-secondary"
"Alabama","Non-profit","1999-2000",4176081.542,6491387.86155779,"Public Secondary"
"Alabama","Non-profit","2009-2010",6670516.709,8099075.56458375,"Public Secondary"
"Alabama","Non-profit","2014-2015",6806466.807,7567818.36312298,"Public Secondary"
"Alabama","Non-profit","2017-2018",7214075.082,7650915.55058068,"Public Secondary"
"Alabama","Non-profit","2018-2019",7475960.652,7767686.88320061,"Public Secondary"
"Alaska","Non-profit","1999-2000",1183498.948,1839655.33908955,"Public Secondary"
"Alaska","Non-profit","2009-2010",2084019.491,2530333.41673537,"Public Secondary"
"Alaska","Non-profit","2014-2015",2648552.16,2944811.49184822,"Public Secondary"
"Alaska","Non-profit","2017-2018",2355260.899,2497881.16051018,"Public Secondary"
"Alaska","Non-profit","2018-2019",2408810.046,2502806.40434222,"Public Secondary"
"Arizona","Non-profit","1999-2000",4288739.348,6666505.49444479,"Public Secondary"
"Arizona","Non-profit","2009-2010",8482552.461,10299177.1641157,"Public Secondary"
"Arizona","Non-profit","2014-2015",8370883.995,9307226.70208024,"Public Secondary"
"Arizona","Non-profit","2017-2018",9182463.614,9738497.70877584,"Public Secondary"
"Arizona","Non-profit","2018-2019",9827893.13,10211396.2484508,"Public Secondary"
"Arkansas","Non-profit","1999-2000",2380330.864,3700035.72048569,"Public Secondary"
"Arkansas","Non-profit","2009-2010",4459909.739,5415044.67542201,"Public Secondary"
"Arkansas","Non-profit","2014-2015",4813320.614,5351724.6411553,"Public Secondary"
"Arkansas","Non-profit","2017-2018",5044097.974,5349537.83946895,"Public Secondary"
"Arkansas","Non-profit","2018-2019",5156738.439,5357964.19982504,"Public Secondary"
"California","Non-profit","1999-2000",38129479.084,59269254.0133833,"Public Secondary"
"California","Non-profit","2009-2010",58248661.998,70723204.1591607,"Public Secondary"
"California","Non-profit","2014-2015",65953945.992,73331362.3281552,"Public Secondary"
"California","Non-profit","2017-2018",79838725.563,84673272.7349371,"Public Secondary"
"California","Non-profit","2018-2019",85566797.172,88905776.657963,"Public Secondary"
"Colorado","Non-profit","1999-2000",4401010.393,6841021.93800264,"Public Secondary"
"Colorado","Non-profit","2009-2010",7429302.014,9020362.44393436,"Public Secondary"
"Colorado","Non-profit","2014-2015",8260461.186,9184452.31922445,"Public Secondary"
"Colorado","Non-profit","2017-2018",9319501.737,9883834.0262338,"Public Secondary"
"Colorado","Non-profit","2018-2019",10092540.072,10486370.2184519,"Public Secondary"
"Connecticut","Non-profit","1999-2000",5402836.359,8398281.02159115,"Public Secondary"
"Connecticut","Non-profit","2009-2010",8853337.4,10749369.461081,"Public Secondary"
"Connecticut","Non-profit","2014-2015",10321511.036,11476045.2035239,"Public Secondary"
"Connecticut","Non-profit","2017-2018",10703917.004,11352081.0536566,"Public Secondary"
"Connecticut","Non-profit","2018-2019",11133062.937,11567496.2685159,"Public Secondary"
"Delaware","Non-profit","1999-2000",937630.137,1457471.75402079,"Public Secondary"
"Delaware","Non-profit","2009-2010",1549811.949,1881719.90768127,"Public Secondary"
"Delaware","Non-profit","2014-2015",1860732.151,2068868.23082852,"Public Secondary"
"Delaware","Non-profit","2017-2018",2082802.954,2208924.82105081,"Public Secondary"
"Delaware","Non-profit","2018-2019",2204611.392,2290639.52973211,"Public Secondary"
"Florida","Non-profit","1999-2000",13885987.65,21584667.5335229,"Public Secondary"
"Florida","Non-profit","2009-2010",23349314.005,28349806.5828304,"Public Secondary"
"Florida","Non-profit","2014-2015",25123548.439,27933795.4058539,"Public Secondary"
"Florida","Non-profit","2017-2018",27371046.278,29028470.2090953,"Public Secondary"
"Florida","Non-profit","2018-2019",28425418.085,29534632.0675562,"Public Secondary"
"Georgia","Non-profit","1999-2000",9158624.163,14236355.5697707,"Public Secondary"
"Georgia","Non-profit","2009-2010",15730409.051,19099235.8049217,"Public Secondary"
"Georgia","Non-profit","2014-2015",16530505.811,18379560.0530278,"Public Secondary"
"Georgia","Non-profit","2017-2018",19030988.41,20183389.2098366,"Public Secondary"
"Georgia","Non-profit","2018-2019",19798793.435,20571380.0843916,"Public Secondary"
"Hawaii","Non-profit","1999-2000",1213695.309,1886593.18962892,"Public Secondary"
"Hawaii","Non-profit","2009-2010",2136144.299,2593621.28140886,"Public Secondary"
"Hawaii","Non-profit","2014-2015",2344496.174,2606744.68868658,"Public Secondary"
"Hawaii","Non-profit","2017-2018",2756316.831,2923222.59817383,"Public Secondary"
"Hawaii","Non-profit","2018-2019",2924319.752,3038432.28145108,"Public Secondary"
"Idaho","Non-profit","1999-2000",1302816.686,2025125.308565,"Public Secondary"
"Idaho","Non-profit","2009-2010",1961856.965,2382008.54590498,"Public Secondary"
"Idaho","Non-profit","2014-2015",2015653.596,2241118.73752412,"Public Secondary"
"Idaho","Non-profit","2017-2018",2363037.036,2506128.17302675,"Public Secondary"
"Idaho","Non-profit","2018-2019",2497424.261,2594878.51487914,"Public Secondary"
"Illinois","Non-profit","1999-2000",14462773.087,22481234.7932397,"Public Secondary"
"Illinois","Non-profit","2009-2010",24695772.615,29984622.9700319,"Public Secondary"
"Illinois","Non-profit","2014-2015",28545089.41,31738059.986103,"Public Secondary"
"Illinois","Non-profit","2017-2018",31848886.069,33777460.7173106,"Public Secondary"
"Illinois","Non-profit","2018-2019",32207914.703,33464728.9117028,"Public Secondary"
"Indiana","Non-profit","1999-2000",7110930.377,11053377.8302455,"Public Secondary"
"Indiana","Non-profit","2009-2010",9921243.142,12045978.0564304,"Public Secondary"
"Indiana","Non-profit","2014-2015",9970349.539,11085603.8040764,"Public Secondary"
"Indiana","Non-profit","2017-2018",10576789.092,11217255.0492447,"Public Secondary"
"Indiana","Non-profit","2018-2019",10823182.605,11245523.815438,"Public Secondary"
"Iowa","Non-profit","1999-2000",3264336.051,5074151.73875139,"Public Secondary"
"Iowa","Non-profit","2009-2010",4794308.007,5821057.72648653,"Public Secondary"
"Iowa","Non-profit","2014-2015",5526876.501,6145096.81175041,"Public Secondary"
"Iowa","Non-profit","2017-2018",6000945.02,6364325.71740978,"Public Secondary"
"Iowa","Non-profit","2018-2019",6143589.21,6383323.76850099,"Public Secondary"
"Kansas","Non-profit","1999-2000",2971813.649,4619448.8431113,"Public Secondary"
"Kansas","Non-profit","2009-2010",4731675.853,5745012.26102292,"Public Secondary"
"Kansas","Non-profit","2014-2015",5136531.79,5711089.27808908,"Public Secondary"
"Kansas","Non-profit","2017-2018",5515083.424,5849043.30102055,"Public Secondary"
"Kansas","Non-profit","2018-2019",5638278.323,5858294.68774489,"Public Secondary"
"Kentucky","Non-profit","1999-2000",3837794.158,5965546.92762717,"Public Secondary"
"Kentucky","Non-profit","2009-2010",6091814.487,7396438.38820927,"Public Secondary"
"Kentucky","Non-profit","2014-2015",6583286.888,7319674.18829919,"Public Secondary"
"Kentucky","Non-profit","2017-2018",7546109.212,8003055.6461113,"Public Secondary"
"Kentucky","Non-profit","2018-2019",7646149.57,7944516.89710137,"Public Secondary"
"Louisiana","Non-profit","1999-2000",4391188.73,6825754.94109722,"Public Secondary"
"Louisiana","Non-profit","2009-2010",7393451.774,8976834.51117666,"Public Secondary"
"Louisiana","Non-profit","2014-2015",7960447.956,8850880.48297619,"Public Secondary"
"Louisiana","Non-profit","2017-2018",8321373.026,8825264.71697817,"Public Secondary"
"Louisiana","Non-profit","2018-2019",8484793.891,8815886.7176688,"Public Secondary"
"Maine","Non-profit","1999-2000",1604437.502,2493970.96784728,"Public Secondary"
"Maine","Non-profit","2009-2010",2370084.763,2877662.47015117,"Public Secondary"
"Maine","Non-profit","2014-2015",2538312.968,2822241.26485534,"Public Secondary"
"Maine","Non-profit","2017-2018",2719620.655,2884304.325157,"Public Secondary"
"Maine","Non-profit","2018-2019",2830663.159,2941121.02971559,"Public Secondary"
"Maryland","Non-profit","1999-2000",6545135.132,10173893.9531752,"Public Secondary"
"Maryland","Non-profit","2009-2010",11883676.934,14428686.9626919,"Public Secondary"
"Maryland","Non-profit","2014-2015",12620036.025,14031676.5043277,"Public Secondary"
"Maryland","Non-profit","2017-2018",13543613.913,14363732.7197467,"Public Secondary"
"Maryland","Non-profit","2018-2019",13968751.892,14513839.2103688,"Public Secondary"
"Massachusetts","Non-profit","1999-2000",8564038.683,13312119.5536123,"Public Secondary"
"Massachusetts","Non-profit","2009-2010",13356372.949,16216775.7764196,"Public Secondary"
"Massachusetts","Non-profit","2014-2015",15723617.171,17482415.1994736,"Public Secondary"
"Massachusetts","Non-profit","2017-2018",17682658.129,18753412.255485,"Public Secondary"
"Massachusetts","Non-profit","2018-2019",18471917.468,19192726.8885989,"Public Secondary"
"Michigan","Non-profit","1999-2000",13994293.821,21753020.894608,"Public Secondary"
"Michigan","Non-profit","2009-2010",17227515.448,20916962.7317076,"Public Secondary"
"Michigan","Non-profit","2014-2015",16849134.992,18733830.166344,"Public Secondary"
"Michigan","Non-profit","2017-2018",17723897.707,18797149.0512673,"Public Secondary"
"Michigan","Non-profit","2018-2019",18128540.042,18835950.2210794,"Public Secondary"
"Minnesota","Non-profit","1999-2000",6140442.128,9544830.74466205,"Public Secondary"
"Minnesota","Non-profit","2009-2010",8927287.559,10839156.7971874,"Public Secondary"
"Minnesota","Non-profit","2014-2015",10222017.314,11365422.4035137,"Public Secondary"
"Minnesota","Non-profit","2017-2018",11424354.652,12116144.0196854,"Public Secondary"
"Minnesota","Non-profit","2018-2019",11824723.476,12286146.7198101,"Public Secondary"
"Mississippi","Non-profit","1999-2000",2510376.01,3902180.59570157,"Public Secondary"
"Mississippi","Non-profit","2009-2010",3990876.411,4845563.09978112,"Public Secondary"
"Mississippi","Non-profit","2014-2015",4145631.888,4609350.19862128,"Public Secondary"
"Mississippi","Non-profit","2017-2018",4261381.19,4519424.49211163,"Public Secondary"
"Mississippi","Non-profit","2018-2019",4361149.65,4531330.020165,"Public Secondary"
"Missouri","Non-profit","1999-2000",5655530.673,8791074.3102487,"Public Secondary"
"Missouri","Non-profit","2009-2010",8923447.598,10834494.4695656,"Public Secondary"
"Missouri","Non-profit","2014-2015",9390060.831,10440405.6910409,"Public Secondary"
"Missouri","Non-profit","2017-2018",10101336.81,10713012.2715407,"Public Secondary"
"Missouri","Non-profit","2018-2019",10366636.35,10771162.2555508,"Public Secondary"
"Montana","Non-profit","1999-2000",994770.343,1546291.67669348,"Public Secondary"
"Montana","Non-profit","2009-2010",1498251.885,1819117.73266724,"Public Secondary"
"Montana","Non-profit","2014-2015",1601097.077,1780191.1335264,"Public Secondary"
"Montana","Non-profit","2017-2018",1720717.083,1824913.23403647,"Public Secondary"
"Montana","Non-profit","2018-2019",1783699.671,1853303.03126854,"Public Secondary"
"Nebraska","Non-profit","1999-2000",1926500.017,2994591.62850913,"Public Secondary"
"Nebraska","Non-profit","2009-2010",3213646.359,3901881.34365566,"Public Secondary"
"Nebraska","Non-profit","2014-2015",3805870.888,4231584.52256911,"Public Secondary"
"Nebraska","Non-profit","2017-2018",4148386.499,4399587.53052219,"Public Secondary"
"Nebraska","Non-profit","2018-2019",4160209.872,4322549.18910669,"Public Secondary"
"Nevada","Non-profit","1999-2000",1875466.608,2915264.23789552,"Public Secondary"
"Nevada","Non-profit","2009-2010",3592993.789,4362469.8759736,"Public Secondary"
"Nevada","Non-profit","2014-2015",3880471.777,4314530.04976963,"Public Secondary"
"Nevada","Non-profit","2017-2018",4391673.009,4657605.99047,"Public Secondary"
"Nevada","Non-profit","2018-2019",4495960.713,4671401.66774588,"Public Secondary"
"New Hampshire","Non-profit","1999-2000",1418503.258,2204950.91821207,"Public Secondary"
"New Hampshire","Non-profit","2009-2010",2576955.962,3128837.23605445,"Public Secondary"
"New Hampshire","Non-profit","2014-2015",2764233.282,3073432.36728361,"Public Secondary"
"New Hampshire","Non-profit","2017-2018",2976513.613,3156753.15676133,"Public Secondary"
"New Hampshire","Non-profit","2018-2019",3047647.894,3166572.92257211,"Public Secondary"
"New Jersey","Non-profit","1999-2000",13327644.842,20716767.8792686,"Public Secondary"
"New Jersey","Non-profit","2009-2010",24261391.884,29457215.1967448,"Public Secondary"
"New Jersey","Non-profit","2014-2015",25993208.154,28900732.7240638,"Public Secondary"
"New Jersey","Non-profit","2017-2018",28607597.596,30339899.5469439,"Public Secondary"
"New Jersey","Non-profit","2018-2019",29864232.433,31029591.6932908,"Public Secondary"
"New Mexico","Non-profit","1999-2000",1890274.415,2938281.80056745,"Public Secondary"
"New Mexico","Non-profit","2009-2010",3217328.27,3906351.77326583,"Public Secondary"
"New Mexico","Non-profit","2014-2015",3309621.733,3679826.3822031,"Public Secondary"
"New Mexico","Non-profit","2017-2018",3330969.751,3532673.00059406,"Public Secondary"
"New Mexico","Non-profit","2018-2019",3490739.546,3626954.85521047,"Public Secondary"
"New York","Non-profit","1999-2000",28433240.274,44197219.0732189,"Public Secondary"
"New York","Non-profit","2009-2010",50251460.977,61013321.3719913,"Public Secondary"
"New York","Non-profit","2014-2015",56862009.593,63222428.3999186,"Public Secondary"
"New York","Non-profit","2017-2018",62984845.936,66798824.7620335,"Public Secondary"
"New York","Non-profit","2018-2019",65549087.36,68106937.662363,"Public Secondary"
"North Carolina","Non-profit","1999-2000",7713292.863,11989702.586013,"Public Secondary"
"North Carolina","Non-profit","2009-2010",12200362.233,14813193.6326675,"Public Secondary"
"North Carolina","Non-profit","2014-2015",13210839.362,14688565.3821439,"Public Secondary"
"North Carolina","Non-profit","2017-2018",14412683.227,15285427.5806174,"Public Secondary"
"North Carolina","Non-profit","2018-2019",15213244.944,15806894.7528252,"Public Secondary"
"North Dakota","Non-profit","1999-2000",638945.775,993190.579808999,"Public Secondary"
"North Dakota","Non-profit","2009-2010",1000094.934,1214275.41457095,"Public Secondary"
"North Dakota","Non-profit","2014-2015",1373266.123,1526875.67247165,"Public Secondary"
"North Dakota","Non-profit","2017-2018",1542633.207,1636045.68265823,"Public Secondary"
"North Dakota","Non-profit","2018-2019",1597597.321,1659938.61292572,"Public Secondary"
"Ohio","Non-profit","1999-2000",12974574.819,20167948.5043278,"Public Secondary"
"Ohio","Non-profit","2009-2010",19801670.257,24042398.9194168,"Public Secondary"
"Ohio","Non-profit","2014-2015",20231423.137,22494451.2137837,"Public Secondary"
"Ohio","Non-profit","2017-2018",21975445.562,23306144.7614755,"Public Secondary"
"Ohio","Non-profit","2018-2019",22778613.22,23667478.1158939,"Public Secondary"
"Oklahoma","Non-profit","1999-2000",3382581.477,5257954.88418843,"Public Secondary"
"Oklahoma","Non-profit","2009-2010",5192123.907,6304069.93910055,"Public Secondary"
"Oklahoma","Non-profit","2014-2015",5560047.046,6181977.71731916,"Public Secondary"
"Oklahoma","Non-profit","2017-2018",5681424.349,6025456.81977583,"Public Secondary"
"Oklahoma","Non-profit","2018-2019",6432157.467,6683152.50879905,"Public Secondary"
"Oregon","Non-profit","1999-2000",3896287.346,6056469.95361415,"Public Secondary"
"Oregon","Non-profit","2009-2010",5401667.148,6558488.991918,"Public Secondary"
"Oregon","Non-profit","2014-2015",5969320.521,6637031.33139963,"Public Secondary"
"Oregon","Non-profit","2017-2018",6911761.963,7330296.18953843,"Public Secondary"
"Oregon","Non-profit","2018-2019",7246638.383,7529416.0222564,"Public Secondary"
"Pennsylvania","Non-profit","1999-2000",14120112.315,21948595.7741923,"Public Secondary"
"Pennsylvania","Non-profit","2009-2010",22733517.84,27602131.4190779,"Public Secondary"
"Pennsylvania","Non-profit","2014-2015",25109991.242,27918721.740277,"Public Secondary"
"Pennsylvania","Non-profit","2017-2018",28279576.905,29992015.9198458,"Public Secondary"
"Pennsylvania","Non-profit","2018-2019",29235226.192,30376040.4301017,"Public Secondary"
"Rhode Island","Non-profit","1999-2000",1393142.604,2165529.79104272,"Public Secondary"
"Rhode Island","Non-profit","2009-2010",2136581.79,2594152.46554682,"Public Secondary"
"Rhode Island","Non-profit","2014-2015",2242485.516,2493323.41554488,"Public Secondary"
"Rhode Island","Non-profit","2017-2018",2423529.092,2570283.25967006,"Public Secondary"
"Rhode Island","Non-profit","2018-2019",2515700.234,2613867.6511732,"Public Secondary"
"South Carolina","Non-profit","1999-2000",4087355.11,6353469.6533304,"Public Secondary"
"South Carolina","Non-profit","2009-2010",6566165.284,7972376.22280612,"Public Secondary"
"South Carolina","Non-profit","2014-2015",7437181.572,8269083.04505031,"Public Secondary"
"South Carolina","Non-profit","2017-2018",8322869.788,8826852.11377279,"Public Secondary"
"South Carolina","Non-profit","2018-2019",8585210.331,8920221.59851612,"Public Secondary"
"South Dakota","Non-profit","1999-2000",737997.921,1147159.29228239,"Public Secondary"
"South Dakota","Non-profit","2009-2010",1115860.774,1354833.68417133,"Public Secondary"
"South Dakota","Non-profit","2014-2015",1211080.442,1346548.37349105,"Public Secondary"
"South Dakota","Non-profit","2017-2018",1414542.047,1500198.10181157,"Public Secondary"
"South Dakota","Non-profit","2018-2019",1434930.014,1490923.71761973,"Public Secondary"
"Tennessee","Non-profit","1999-2000",4931733.594,7665989.10163915,"Public Secondary"
"Tennessee","Non-profit","2009-2010",7894660.528,9585382.20685966,"Public Secondary"
"Tennessee","Non-profit","2014-2015",8736366.743,9713591.28596016,"Public Secondary"
"Tennessee","Non-profit","2017-2018",9618294.805,10200720.1834171,"Public Secondary"
"Tennessee","Non-profit","2018-2019",10017249.359,10408141.5183529,"Public Secondary"
"Texas","Non-profit","1999-2000",25098702.74,39013944.6916201,"Public Secondary"
"Texas","Non-profit","2009-2010",42621885.838,51749795.2806678,"Public Secondary"
"Texas","Non-profit","2014-2015",47527970.711,52844311.1099531,"Public Secondary"
"Texas","Non-profit","2017-2018",52233513.123,55396456.6866454,"Public Secondary"
"Texas","Non-profit","2018-2019",53618624.209,55710925.1039316,"Public Secondary"
"Utah","Non-profit","1999-2000",2102654.634,3268410.02287015,"Public Secondary"
"Utah","Non-profit","2009-2010",3635085.052,4413575.41014996,"Public Secondary"
"Utah","Non-profit","2014-2015",4290875.615,4770840.46596359,"Public Secondary"
"Utah","Non-profit","2017-2018",5062983.931,5369567.41504954,"Public Secondary"
"Utah","Non-profit","2018-2019",5382400.702,5592432.23436045,"Public Secondary"
"Vermont","Non-profit","1999-2000",870197.887,1352653.66444922,"Public Secondary"
"Vermont","Non-profit","2009-2010",1432683.153,1739506.79122017,"Public Secondary"
"Vermont","Non-profit","2014-2015",1638720.042,1822022.49383059,"Public Secondary"
"Vermont","Non-profit","2017-2018",1773661.193,1881063.31702096,"Public Secondary"
"Vermont","Non-profit","2018-2019",1847485.894,1919578.31424418,"Public Secondary"
"Virginia","Non-profit","1999-2000",7757598.368,12058571.98295,"Public Secondary"
"Virginia","Non-profit","2009-2010",13193632.546,16019182.8643848,"Public Secondary"
"Virginia","Non-profit","2014-2015",14384705.294,15993736.5389176,"Public Secondary"
"Virginia","Non-profit","2017-2018",15786283.64,16742204.8723215,"Public Secondary"
"Virginia","Non-profit","2018-2019",16300032.656,16936090.9923838,"Public Secondary"
"Washington","Non-profit","1999-2000",6399884.522,9948113.38898957,"Public Secondary"
"Washington","Non-profit","2009-2010",9832912.883,11938730.9759583,"Public Secondary"
"Washington","Non-profit","2014-2015",11470244.772,12753272.9500398,"Public Secondary"
"Washington","Non-profit","2017-2018",14418080.547,15291151.7294584,"Public Secondary"
"Washington","Non-profit","2018-2019",16116448.105,16745342.622356,"Public Secondary"
"West Virginia","Non-profit","1999-2000",2086937.178,3243978.48290456,"Public Secondary"
"West Virginia","Non-profit","2009-2010",3328176.54,4040939.32533989,"Public Secondary"
"West Virginia","Non-profit","2014-2015",3226917.852,3587871.48591393,"Public Secondary"
"West Virginia","Non-profit","2017-2018",3150576.04,3341355.74467021,"Public Secondary"
"West Virginia","Non-profit","2018-2019",3287865.323,3416164.09342188,"Public Secondary"
"Wisconsin","Non-profit","1999-2000",6852178.274,10651168.1885817,"Public Secondary"
"Wisconsin","Non-profit","2009-2010",9966244.336,12100616.7128647,"Public Secondary"
"Wisconsin","Non-profit","2014-2015",10054345.528,11178995.3398037,"Public Secondary"
"Wisconsin","Non-profit","2017-2018",10712519.609,11361204.5800438,"Public Secondary"
"Wisconsin","Non-profit","2018-2019",10904913.243,11330443.7386827,"Public Secondary"
"Wyoming","Non-profit","1999-2000",683917.735,1063095.92823633,"Public Secondary"
"Wyoming","Non-profit","2009-2010",1334654.598,1620484.42622695,"Public Secondary"
"Wyoming","Non-profit","2014-2015",1509531.919,1678383.76359667,"Public Secondary"
"Wyoming","Non-profit","2017-2018",1520759.257,1612847.1794121,"Public Secondary"
"Wyoming","Non-profit","2018-2019",1530465.306,1590186.97877034,"Public Secondary"
